GiftId,Latitude,Longitude,Weight
93951,-44.3675498308,168.273042598,22.7008654356
15198,54.4595102464,-128.885009802,15.4879164644
9445,-69.3569966992,46.4516972283,18.2024516584
48095,26.018441023,79.6243935975,1.0
4757,28.6493827172,29.1199835675,18.2233072879
26775,-8.3627331066,31.5139765984,24.4871914511
41863,58.4032637237,63.2287558243,1.0
16287,-27.243566016,31.8658555668,2.73032144414
78163,65.6225090172,81.4480269634,28.6949221321
1979,12.4604174723,104.681002782,1.0
76953,50.0083095796,41.2717559756,18.8700274678
92691,-10.1509018151,-61.6226299064,6.837944671
98222,34.4821025016,-2.82254332418,1.0
73655,-83.8151971082,-6.72758613161,11.3515834358
48248,73.6795575768,93.8676560822,1.0
32891,45.0445636139,-96.6058223044,27.2529919011
55200,54.2157992159,110.50314519,15.0309487081
11619,31.6707363026,102.57028185,11.3533328957
7655,14.2709505919,121.627610596,15.7455748341
14154,2.47760618642,-65.8673018259,23.9698946253
24850,-37.0710863859,-64.6159773474,10.5490731585
68126,44.5727257265,-90.1199771372,9.77366633088
85389,18.2917283344,97.8822105471,31.9280710256
43138,-70.8212324943,102.669238236,44.5311379887
42858,61.1888152106,154.605257296,43.3335322982
46678,32.3790544673,48.6774091111,16.1369733536
93847,-71.0250930495,76.3908257643,1.0
86395,-73.6692389652,-69.7711706995,36.2857396718
97264,-3.32007241264,-62.6752029871,22.069276526
90326,-3.5463100983,137.938661824,16.4672051986
74964,48.3550919474,41.9858712475,1.0
55560,29.9337803754,-93.606106478,4.39951831183
57291,-76.3541741421,72.6659224085,22.7354511141
67322,28.343305844,109.948657883,17.5075472462
99295,61.8853378643,11.4736850652,29.0095068793
97945,14.5744871802,-89.7068263635,14.0568366788
89020,50.6508912036,119.155619437,13.8193350223
82829,6.36302131712,-64.4887473061,4.50821368961
8850,33.5995021913,-2.182448266,1.0
72732,-65.2205492289,-63.8439726863,25.5048199321
46810,-6.66783235201,18.198425948,19.2263714569
87286,42.3726173092,90.1264055563,30.8414792873
67599,51.2883083176,100.006295291,16.3377156966
20575,26.219583969,66.500913351,10.9346083077
88952,12.980944787,6.52991331649,3.19888630419
67350,67.3685685691,-134.545025408,22.9969131561
86154,48.8307535414,-96.2386530022,1.0
64183,30.8328720059,68.567607947,16.8795386362
41420,19.0818241036,78.9197122101,1.0
33869,48.5148159259,25.4748095907,1.0
18230,12.1286665464,29.4120185026,7.60560602292
36316,40.4932208104,79.946346376,6.0905411667
43005,13.7934959218,103.728312183,10.9742147936
16297,54.5004354644,130.203731487,13.5682934752
43010,-17.9910805889,-61.8656058577,17.0505789469
62225,-73.2801166352,76.3571861598,1.0
4918,-71.664715304,152.328878011,25.9861771486
61750,-15.2570576891,32.9245020067,9.30351733764
57303,21.8304535959,76.0448879443,1.0
15303,16.223178284,52.1558907749,6.91215517897
29023,-33.0064488874,-62.8428956202,1.0
39712,38.5408841477,103.930642163,1.0
94223,32.5399182081,60.4754209051,49.1205702588
10836,0.402662705508,-67.9140286357,23.4690401226
20973,-80.0110210112,120.598702633,1.0
29251,-22.479019056,-45.8824973853,18.7904708565
40897,0.231771351466,33.7132257541,50.0
81261,19.0496480355,51.138217815,22.7044933977
33273,38.8036857433,-121.001996563,25.2492001197
53124,60.7535300003,151.953858828,28.6337958647
51667,49.2919294714,83.5095538192,1.0
57522,-23.4072857585,123.463900385,29.7566685175
55413,54.8501022632,-83.9123613137,1.0
3018,-79.5817936064,-66.535520684,1.0
37238,4.7986895481,20.3451541972,4.40591781693
31654,67.4005084137,60.1094710496,1.0
17106,15.6651209788,-86.7438187105,1.0
51912,45.345581253,46.7338114256,1.0
40204,48.2170404516,-90.9002592294,38.2043279589
41887,50.1003326702,16.3998947451,3.16519507891
74245,-77.3233087978,-10.5660499625,18.3537912658
85344,47.1652343637,-84.4092342791,27.2287537005
8759,-78.6621433603,-115.443108431,7.63356351364
85209,47.6489985908,7.13808953809,25.0812287316
46784,-84.2596970855,66.0561708995,33.6025410036
51793,-74.9544865182,34.8911794782,1.0
96697,22.3491425003,86.6210433584,23.5648871207
43528,61.8749882978,147.48933621,1.0
64505,27.4775483179,42.3388599786,1.0
1560,-86.3743202592,-42.1451494069,1.0
94368,14.6950525628,-10.1400928377,1.0
78343,9.84659448007,40.123875184,17.4604544456
64631,-19.8202855848,48.6191835573,9.68929355626
40784,-38.3580393025,-58.6577702948,1.0
32247,-82.284162077,-160.987999201,36.6326959723
4632,-24.3279307184,-51.2211919385,4.85669313331
5470,-20.1979407909,15.6414135158,30.9893645258
65654,5.33770137112,-4.11701549142,1.0
62352,-79.0209523137,-7.00514177968,7.3673754717
13294,37.6960137358,-113.271552415,29.7888929355
10200,53.3880765031,80.5155047506,1.0
30295,34.8046408687,-76.9848505653,28.7813374243
65394,67.9224648594,59.9228993972,1.0
92740,-70.8027424507,-67.4814789201,10.0819657596
54512,40.7469096293,65.0185856397,1.0
93019,45.6358717611,16.483453885,1.0
59022,-30.7440018289,-54.768523973,7.69866883207
58500,32.6000979222,53.0521204535,26.769248359
72171,52.0732411355,32.8112863808,3.83937002527
88227,-4.94943204184,25.1626469288,31.8007645197
25690,20.0802715244,-7.37325341696,1.0
95358,-10.5960619857,34.7389332347,1.0
9660,37.0611616862,79.8149220649,4.90388003571
65820,-83.5146456835,-155.396263168,1.0
30973,43.5281508126,-96.3541810964,8.00633048265
57100,25.5073893592,101.43773107,14.0642528068
78180,70.9396878456,149.343219692,1.0
15691,16.0834786959,98.0646471706,47.9379612343
59009,49.6349343469,51.3097077194,18.9192750016
45808,-20.1027257774,-47.4402123191,19.3523500816
77872,52.450018705,123.506335716,21.5361475602
38486,-84.0686049401,-39.3200789256,34.020620225
62959,28.1005076037,102.501366063,31.178931481
98137,45.3781391372,-120.455125332,12.3083257206
2615,-27.2166784924,129.893240111,1.0
23564,7.4523141348,34.9893651337,1.0
22882,59.4587827371,57.2310708985,31.4149891342
98008,42.7305262806,113.82664664,44.7837880153
68110,37.8482412641,77.6641537557,8.94800223242
37920,-29.1737257034,-51.2094865165,43.5139868128
38238,-6.71895480727,-77.7465951485,1.0
37328,-14.4031911154,-43.3849523601,1.0
89163,56.0789341759,42.668275662,1.0
7399,-0.826065643591,-74.4490210891,1.0
80435,57.5419986099,119.515657067,31.6083393901
50818,-65.5732591649,-62.6601502977,1.0
78475,-16.0383744532,127.578379758,1.0
86354,28.972697717,117.667053472,1.0
74533,34.7684092206,95.8422431685,1.0
42902,43.9761536664,45.6087867893,1.0
2348,29.9312558799,25.7240848656,10.0013118958
13348,-78.7859981421,-48.9318291446,1.0
24699,13.4623262269,105.050192283,30.9974216418
52154,-3.64460643992,-75.6947301716,36.3247149139
79739,23.3643973703,-101.432343294,1.0
49609,-24.4023574658,-57.3742431627,28.1825441969
98231,-76.7489773732,130.008850065,20.1282098041
16190,56.0359098013,-111.738777858,13.282738234
58884,-86.5471866583,-144.688736936,16.4242310871
84031,8.97320674244,2.48260236095,24.5331437388
854,25.7277125779,96.4150502668,21.1327218796
59378,27.0715702745,116.443754917,20.9545989231
65705,36.9355611937,81.7532288565,17.3189008658
31843,53.408502922,42.6037469501,16.313760804
63208,-17.2697534521,134.838012317,1.0
44809,44.3960516089,-112.360938448,21.603282787
6240,-44.3565848948,-70.3555214977,21.2009482924
96240,15.1586566033,14.5966286895,2.79343250784
8463,25.5479144709,7.50669296375,31.8743260788
54752,-29.7684873928,133.245938373,20.2230732808
65470,-9.79392991837,14.9499001846,1.0
91685,26.6252616519,116.663459306,1.0
78455,50.2329858127,-120.977429908,12.7237903831
6074,15.3982499363,-12.1466784905,26.1484257714
98075,43.0137554748,132.434577223,30.7035598055
151,-17.8909981229,29.8679193469,20.7246354837
41618,72.9673666835,89.6713549114,1.0
83460,72.4110431001,84.255522258,15.9341546915
75,-17.6306035032,177.802073311,1.0
94968,-0.912796531073,-91.2869867624,1.0
11748,-87.6573272595,-5.44317798066,29.2318428227
79910,65.471582817,-127.660618446,7.20370074707
78547,73.5247685986,-43.580106201,2.86518398333
37580,65.1207426432,113.081647894,1.0
85155,53.3312209842,89.3140643381,1.0
54971,56.7703969742,93.6864408637,8.12212206937
35090,-84.163114931,40.1813078742,1.0
58839,-11.4236415703,35.1533687679,1.0
68615,-41.7896691457,-68.7191165183,41.7449589932
41829,5.84779943228,-0.539947753777,23.2484999251
73769,-17.6311857441,-64.7839558366,1.0
29122,32.6354044936,69.795669889,27.6684510357
99769,41.787807019,1.95966586519,1.24877975595
55936,-80.7207097779,128.804179442,28.1672799434
17522,39.5045244113,80.0716267845,1.0
32430,11.7937258478,-6.15022255863,4.96498814546
58975,31.1124110774,7.74596567207,1.0
47627,38.6974087627,95.095583304,14.8951373414
9837,32.1918279921,97.281869733,1.0
31347,67.0186406687,-85.4250412675,3.41432827973
53835,11.1665505325,25.2704637115,5.96074426465
96270,-21.4989704923,118.777304706,1.22836163515
54430,66.2574225345,-51.6626102395,17.7227418168
97958,50.9451608778,-80.6651232874,1.0
68934,50.7271264392,27.6302839894,1.0
13397,10.2830386476,-0.653524191058,1.0
20221,-81.5112400082,-59.1577148926,1.0
69974,40.3560797111,115.328140499,25.4171444746
97884,55.6040630219,129.410281887,1.0
45349,-5.0024036059,24.5253837159,42.0617592038
13988,81.3833694735,-85.6278673439,1.0
32532,13.8462920333,43.6838950588,50.0
58537,35.4718662356,140.00416504,23.9399489817
338,50.652803597,-81.910400354,1.0
24998,-3.83677585399,141.971401627,1.0
44609,-87.8272638499,35.15015606,1.0
7602,-78.0920374304,-7.87033354112,4.18313330633
69085,34.5370032555,3.73253448973,1.0
91084,-69.9874720657,32.7245652785,30.6498160729
76617,-13.1431249314,133.410742979,1.0
98433,-14.0896472215,-56.471905187,22.7667168107
51985,72.9920474673,86.9704803918,1.0
19354,74.9666285057,100.101720061,1.0
35405,53.5558513729,72.5206571095,1.0
89327,24.3539842872,13.0300482602,8.35303447292
52082,15.3804527411,76.7792554719,6.24294933234
15563,44.448946771,7.8137130175,50.0
76135,-14.4333931323,-49.0222042892,7.95383190992
35623,63.0617479118,-147.921684959,1.0
3587,35.3119757878,-118.976441249,1.0
14981,49.8016490574,7.07940941733,3.59801373391
56554,42.9623388954,87.2666224022,14.4508775155
92178,66.8113289269,141.371567179,24.3513335503
76981,24.3730999054,90.9617083114,38.4401447909
31947,30.1311978226,-2.41113155104,1.0
25818,13.2707446345,80.3330919032,7.61634970166
37310,-9.74010117473,25.4307446361,7.08221155554
30730,51.6885918779,-96.0525991399,11.3038058805
18134,8.10081403278,-66.4143545702,11.7264015
36642,46.9566688027,-99.3710415097,27.9542247004
17039,-25.190924983,23.7319272649,20.161116283
21310,14.6300945205,-4.94134906018,1.0
831,-68.5053107136,101.897501223,24.7775664612
26164,38.0533008198,85.9515620358,7.86800788902
16261,23.1468497094,7.68261362624,22.3438237625
21494,-38.7630812933,-69.1365946968,21.5875800211
63510,81.6651600465,-91.4749457006,1.0
58487,51.2169876353,-93.8751621569,6.97217385834
73048,44.0261290511,-85.7653703352,8.88083681086
75943,19.0199060712,41.4347039665,1.0
37945,15.5256316458,3.23631199527,7.79367850933
41776,56.6505808277,22.8034215718,11.6155862871
52117,45.5274550941,-72.6930905938,22.2198342811
19644,42.4783482507,-73.6936377502,36.6169822522
62878,3.26408674663,-57.7974987843,10.6533285464
45825,-87.1875951196,2.89489445076,33.4168657229
61446,81.1352550274,58.3418703523,16.1614704828
79417,47.8719746894,-76.0462186605,31.903799668
23505,-26.0891104571,18.166181908,15.7277855365
74753,15.8760193329,-3.21862096541,28.8164790583
60805,66.1811177687,117.60856307,1.0
23253,46.6094646289,-97.1171979754,15.9195438902
75979,37.1736200461,94.8288568114,38.18469651
31486,-36.1839517242,-71.9945555949,6.54217626941
39291,65.7246410448,95.8969416489,26.803214962
31622,-1.22439721029,-46.5725835357,1.0
51605,-68.5461523323,92.0986065475,1.0
87958,61.8140758716,84.0546540108,1.0
56099,33.3258373138,-88.0904329046,33.9482985228
25021,46.3055020235,87.5555431024,15.8675607256
6302,19.6972452097,-71.5868227919,1.0
4910,39.2790826971,-116.292692664,27.2694654328
71325,22.9616572584,13.9793836629,13.8554077405
28310,62.2082036858,99.6010306106,16.9660792643
27172,-14.0104070478,136.756086365,1.0
9292,30.6684003492,8.5501797669,14.6779719894
98604,54.3578462896,36.8247014594,20.4408159499
72202,11.8187024736,12.850596904,14.1499525833
61782,20.4474097752,73.2660570927,7.84488071555
93782,76.4059449697,-108.550103661,29.8696718882
41633,-66.4311758706,98.1109214338,7.35644957319
80339,-27.2040313115,17.9472232435,22.9501996173
89596,8.66193454136,98.660478702,10.8113104983
87418,12.236539886,-85.0377352002,47.8084167652
53498,-2.57085602153,113.837550002,16.9155378662
26321,26.8019958237,42.2717257474,12.3744295687
31362,33.6035743005,-111.76661642,7.35113309994
2207,41.7172126654,-116.025787955,15.9515667977
52230,30.1107279123,52.5675183153,3.27032633042
62991,-23.0325485111,116.406935193,15.5973048249
99026,44.4163309992,90.4598703308,10.2726855791
32096,17.1597759516,12.2113093399,1.0
95750,67.7878471416,172.662128868,1.0
28789,31.596087508,-82.9193674968,2.06951839424
9943,58.7372881418,141.727153888,37.2720846186
39646,4.84076710094,-52.4300325865,2.84472441174
893,66.4009882167,110.320820369,1.0
89433,12.1687361821,8.84528930424,1.0
8131,-89.330255525,49.4489495439,1.0
36545,-23.9640930483,119.152438267,4.82836833368
53336,-24.1117035995,117.9003062,1.0
14651,58.2420977267,-105.546838576,5.53572590167
54709,-76.7898967104,54.4676396308,1.0
74486,29.1994654037,-106.801800424,1.0
79737,-10.7353812248,-42.8105395736,26.5679341223
56126,47.8840091548,129.059093523,18.7981004306
58088,42.7470349967,-107.360156444,12.4783137263
94005,67.1642725701,124.603412664,1.0
41386,49.1745517819,41.6007659421,20.6946270849
68322,-73.446183521,-96.184987533,15.7200217845
14192,35.1186512246,-95.3777004119,25.0113353364
31399,57.4921100917,91.4231113951,7.52035926096
71781,9.42652198236,39.7350390399,17.5033922517
22341,39.2835108853,-98.6515520914,18.8865274637
41664,-83.289578966,61.5964658326,27.5732258391
56077,55.6615916807,41.6260070029,22.4416766429
78676,50.8771174741,23.05680062,1.0
35938,-81.6926379333,69.2704800974,28.5464945914
73570,55.3941264065,161.613694996,18.9413185344
89367,51.1756370227,119.27259698,13.0193416334
21046,-27.1255097681,-57.4096424101,1.0
99651,-77.5058481862,-154.037009727,25.1509673928
60389,69.7969443835,111.400824697,2.84336583254
43779,1.74359217872,26.6495525083,14.1490566071
45840,-2.60728630103,31.3186192438,22.6775655736
50671,-79.1907354488,-115.664333287,1.0
55612,-17.8547705753,25.2288084775,1.0
88767,-25.8080112833,128.933093108,25.9042613356
19352,29.2541340684,101.304857254,19.5387284486
35208,76.0071251662,138.324673305,4.49139741872
56365,52.1428274014,-87.2496631235,10.2317860858
42747,28.8125075227,93.3061241658,1.75335179816
37117,71.2338647504,-28.1886050233,3.2194438597
29293,-6.52878798666,139.336256965,24.108858405
19382,73.5207383347,-27.2013893596,5.90030046995
94838,9.79222104627,-83.3428064206,13.1843091765
71028,25.7786285674,104.269080267,1.0
71819,30.2880516274,83.2522617533,9.01046301099
9158,-7.69652907958,109.601618668,1.0
83625,47.8622865664,-96.1068842234,45.7519265413
16500,-7.90271787649,-54.2446925033,21.1563591864
89232,20.7558643556,74.9693773449,1.0
35049,24.0786134747,-1.22765050879,2.43899779331
43784,22.5489382862,-104.284086867,1.0
43835,53.9038778172,-112.69219639,7.9428546607
32998,41.2654580166,111.12081963,17.024834251
8391,-65.761706275,96.7492137809,18.8110906127
77049,-77.0025219303,80.0150698032,4.77295888946
49672,76.569841359,-65.308803991,16.3390654658
27247,47.4116666964,99.010456139,1.0
86032,-32.7562762545,-67.1400408272,27.9970183066
64319,69.2220367023,-38.233231446,24.1357220097
3943,30.2411459951,61.6063721259,1.0
28817,25.8671400562,80.6546581627,13.890571846
17733,6.21505557883,15.4259406859,1.0
7397,38.3589382005,38.1702645279,1.0
90510,57.7617205935,-62.0964560285,45.7167866728
44601,16.6535965267,98.3017200857,21.7294380798
90212,40.9503679869,106.346467477,1.0
53397,-10.9277294875,-67.6961024734,50.0
76521,-38.6020327716,-60.4021090177,1.0
87171,31.917033084,44.1755921116,1.0
92835,38.0960603018,116.316052567,1.0
12359,17.3442469206,26.5864510962,1.0
17544,64.6193830761,-82.1906196795,23.7324886457
65234,-88.2144340228,-27.9708747223,1.0
13798,-5.50390550441,18.3927316993,9.40736530215
28620,-77.7319661997,101.423269229,1.0
65450,46.5621860199,121.223903006,1.0
9882,-24.1329646997,114.724961892,1.0
1496,15.8996097609,94.7904991951,16.9337473436
77969,26.9031960892,113.918394213,1.0
9555,6.24931528276,-61.7844192957,18.2468374078
54890,25.6476225048,83.4927886198,19.3031709683
76870,-26.5505395566,-59.7940090958,33.6228798053
15184,-14.2024189389,-57.8591962872,11.5779503635
51069,-14.2164933545,-64.6244847867,13.925874487
12319,-39.0848799935,-71.6132567492,1.0
8433,-17.9344900121,-54.885399423,16.86048077
698,17.9654748167,21.5770951717,1.0
13590,-32.6077320859,-64.1050371905,1.0
18161,52.568765631,-94.5779247696,1.84105542365
85102,-73.7402256169,131.674508176,1.0
62106,36.4329130879,1.95212036437,28.644924064
38473,-74.7250734239,88.5252160311,21.3399147252
92257,40.9638663081,-2.13713329831,28.3377511675
65273,-82.8077119889,18.6653880663,15.6141665636
22489,-86.9539653547,-67.2109765139,13.5819698142
56150,-83.496724809,-164.074361397,41.514671352
182,-6.01886602695,-41.4609033675,2.53097526693
6628,-75.2669865997,-125.020605898,1.0
69202,-84.1078185466,150.977653575,16.2370004017
97241,23.244764431,5.48755748122,23.3892053362
97869,37.3311809108,-77.8384701376,32.8376840387
30543,-87.7525201184,67.858952957,10.8784631616
88527,69.6662453488,-51.0206246061,1.0
48125,-5.44807839081,36.5958741537,5.45307792783
61188,-21.0615973745,24.9310772639,1.0
37139,-26.6391865183,133.631987254,6.03929247716
61463,48.8548561329,120.903459696,1.0
59841,73.7953472742,56.4222661847,8.04713364796
17953,7.80267177207,37.435924738,4.70589018131
24024,54.6679763203,27.2657686822,16.3870589805
63474,39.6615121864,-76.2317390501,3.3988950175
81578,-25.7228533015,-53.2495042856,6.95022287106
12196,-70.0986851795,86.0463760244,1.0
99521,-87.7539019831,-129.636400287,1.45085876841
2168,-25.3036597323,18.0836655656,15.1268102104
13194,-20.6346126417,28.7677157736,3.10611998114
86058,74.3363652658,55.735915115,20.952021803
49661,-85.6153533036,-101.857600515,8.84829824268
92069,78.2124539482,-34.7134896623,23.0326701181
24831,34.0667675557,70.382536549,28.6576547191
94166,35.2468239549,-81.2309870604,1.0
44732,-71.4641173841,141.211147205,6.92011956494
62758,-72.4142266531,91.809490196,20.2528139827
54878,42.5494030062,60.4380975115,29.7151927847
36374,28.9234291844,-108.618932334,13.4356922573
96099,-7.94244832132,16.6722144206,1.0
17000,26.6097536227,83.1401213049,1.0
67621,61.0179603663,-154.8437033,1.0
78137,16.7324005295,15.1245526153,10.0875096055
21000,-26.0781055837,115.23148293,1.0
69129,26.7209466735,21.4643078869,25.5040427312
72452,38.019834242,77.7189394394,10.0490878773
62107,67.1530988623,-141.778942398,4.67446527083
74693,42.7433835055,0.237396017617,1.0
87421,49.6764373548,66.1937269665,1.0
95689,28.3033980172,76.5446501289,36.1244665648
54084,48.3411079134,122.118242093,34.8036057762
84811,16.9281810494,17.3486845861,41.8483046515
91767,-81.5127313581,38.5927155048,1.0
51859,24.6832632631,45.6322533866,11.901189368
2195,43.4949691145,93.6766318257,1.0
58991,-4.04899292376,143.229141375,10.3777520197
7255,44.5059453216,112.543601463,14.1760540075
50385,28.201194635,-81.5745099437,1.0
50376,-87.4241442802,-82.4976798458,1.0
39985,50.5714361937,32.8589809022,23.9368086671
64601,-19.5622982021,-60.3565030715,1.0
58660,69.783941942,107.684779799,10.0037601466
70571,-24.4829538387,20.1551891777,1.0
1216,-78.6239686453,-20.4659358379,21.0582436804
30816,14.89344941,16.2722701831,19.4798348924
25625,79.3090053466,-22.6039168237,1.0
29893,-7.81033764106,129.719762411,32.9340318793
68203,7.42516724856,42.1976184693,22.4321359857
41177,-14.7885426871,15.1265206516,43.7694999147
34031,4.60277301406,12.8451083704,30.6258618058
78025,-3.6338447811,-73.4979061751,3.82905540397
68592,28.4393874431,71.551023646,13.9362950313
91830,-12.2796657998,-44.1830380415,11.6671036614
6948,38.9560463502,-82.5731633143,1.0
14744,-6.85315310651,139.435139934,1.0
99004,18.9424626805,-98.5196060426,11.3501481755
9372,47.8819680925,-108.783743775,37.190846923
82688,-6.56240289538,-79.3883569805,3.21821271227
72636,24.7008068085,118.392765559,1.0
62242,-14.2742825421,134.24966909,37.1361214155
29490,-28.1746984921,131.098746792,22.5312724394
78522,47.2723589306,131.113485893,3.20011769224
80244,43.3463733492,-87.9600467953,5.92235926853
27235,-6.5267579243,106.551425067,1.0
25411,10.62874147,78.3878376751,7.0724722801
46441,80.4312615488,93.7727069331,26.9743769602
8816,-12.7158185565,-74.4746282704,16.2573570378
40405,35.521018379,-108.848809724,4.63683957587
99969,45.1851140704,-108.737680207,1.0
60623,35.5682947348,-98.1138433735,1.0
90755,43.1966075748,-6.16423189239,1.0
28667,26.8600391627,54.8971740764,15.5059462812
70921,26.3814083489,79.2997717771,1.0
3358,-83.4539544581,62.6206588098,1.0
51111,62.4531921503,42.6140167848,1.56531151198
59620,52.4965081362,92.1260342914,1.0
26954,-82.2620952752,-5.89344388966,1.0
26762,8.91092389675,-82.4759038729,1.0
15527,-80.5737495052,-52.8506564803,28.0737695347
19524,29.3218303185,76.0582510435,1.0
87353,72.5627032718,115.474442512,49.03647025
54842,11.2464801306,-73.6144725976,1.0
48870,4.38247090815,44.9711906469,34.9460815282
44514,-17.2421193318,122.247666934,12.9724137288
30617,-85.5363571272,-164.99145494,34.2631831856
23257,41.903014281,-122.718845719,16.5464390685
59795,2.3909018376,34.2380403301,1.0
85805,-16.0489482267,-40.8761519079,1.0
56269,-13.895011727,38.725230797,1.0
65897,50.5769882382,53.8697828597,1.0
24764,67.5677072283,-136.925020105,1.0
43119,41.9535369791,-101.58698018,22.4767246953
5889,-2.47745474455,-78.322396283,1.0
69792,-15.6958654425,16.3822292411,31.415589751
360,-10.0935782391,-45.3252182264,7.4299636277
26143,-85.5218981779,140.913165113,4.30562565932
80600,-82.6769302406,167.881993514,1.0
11091,31.5951895813,5.23054553532,50.0
68101,20.7373873794,4.67091329224,1.0
50575,47.1151909473,34.0670718141,11.2312007622
65342,52.2270936553,-90.2122871797,11.1729583466
55765,40.6528016296,114.452855891,1.0
36615,18.0682712719,8.33232310402,10.1409703192
80069,-27.735241978,29.2061704028,16.6728262205
80957,13.5041234293,32.2296623293,17.8584890236
93838,-30.7147439512,132.337844777,16.372699961
47702,68.7560167938,154.882350229,50.0
66874,18.7222974406,43.6085191145,4.55044825829
85403,-29.5614479841,123.759760438,29.0408147228
59247,39.1747925012,141.795136509,44.8175892465
97887,34.4070710075,94.6110046864,1.0
11764,-33.5165089827,143.801532316,12.3822837246
11895,-83.167170927,-161.905916895,21.7154725369
37218,-17.5296243724,122.322302154,10.3975409292
45900,-89.3471848026,-25.7841427886,22.4396321382
4902,30.3848917924,29.884043527,1.0
97549,40.7847702918,64.8092569884,1.0
31379,19.0000405378,94.6711562194,1.0
16890,73.9658487531,97.9775383907,43.3048296666
36557,49.2984568177,107.423908132,1.0
34375,59.6104065781,118.056886662,1.0
77832,62.5951318704,-136.319510964,1.0
91267,68.7428458309,115.508081937,1.0
92529,33.991080803,-78.2440823189,18.6086657801
21562,46.2787706411,-64.7136492047,1.0
7557,39.3248058677,-78.9032571653,28.4771362056
44404,46.1555602711,-74.2110938795,1.0
21896,23.7609102722,-1.55941924439,1.0
77278,71.9641146179,-55.3955497233,9.02187128895
66348,27.557767783,62.1865607633,20.2463457088
93582,31.1332361148,33.7639171196,8.99320649574
70420,9.43618406923,0.281052847384,2.47872427764
50239,39.8566619761,115.732310007,8.47919974669
14564,27.401222097,36.6815818782,1.0
76745,9.5657370021,77.2251998557,1.06649975749
37765,-19.5923979667,20.5103244664,1.0
84272,63.5551373524,82.9490671884,1.0
6472,-76.8390086955,-68.5989178514,1.0
39798,77.8007260047,18.2124820891,8.79741924733
12422,58.7856623123,7.84558659867,3.96857826177
82142,-2.92890803752,-47.1063527137,1.0
91041,22.5494714379,20.9328878507,11.7906269369
85393,31.6934830551,67.1751685425,1.0
72261,47.7143515697,6.76875136302,11.5431162513
92942,-31.5202111759,143.774950553,10.0841825848
29343,-14.0224459944,-57.0226770087,1.0
7569,47.6705684944,89.0315666856,15.6597199136
97252,26.3407601841,73.4377600645,15.7591805509
71111,14.2065653701,74.8416713019,14.8420836532
29018,-14.0920655253,143.269595989,7.29355241706
44352,20.0859159234,45.4648644716,1.0
7553,51.3950481936,73.6095847774,18.4399261672
74328,47.1568233206,-78.0857405648,38.4073751554
18130,27.7447941178,-12.6644381023,27.84308984
53951,-2.11527946285,-66.3782116389,1.0
62506,27.6238700426,1.61007170418,11.0636856053
82665,23.5792025776,24.0885461231,1.0
22248,40.4938699977,100.319770778,7.22829403904
32688,-3.61813748609,-41.2888436346,1.0
63035,33.1984861561,-84.6263205739,36.3229324023
13554,20.3983078937,85.072381325,7.01555238602
21835,27.6518639589,-109.83403448,1.61977451185
76148,-67.3425038654,93.2316895027,2.53364563292
73506,-73.6348391449,37.2253174654,1.0
1072,-13.8663921332,132.758670079,17.6088048917
80729,-9.69280547844,-66.9349423831,1.0
43680,52.7499033468,-81.041740899,15.6831295856
99729,61.059887863,111.418488468,1.0
1082,-30.2982129165,19.0099678458,7.24984595232
33796,47.2337986398,-84.4063262387,9.72424395897
46082,34.2563826433,-103.964159291,10.678325619
12179,47.1748279496,57.7785637705,1.0
14162,-19.6363817281,-59.7686838892,26.575104765
80381,-79.5593926698,5.10708098125,42.9754017618
1066,10.1312356199,-2.83281741771,12.9048184436
3794,30.7860513401,40.0095442836,1.0
24739,-36.3921260029,143.982099168,2.58519957686
50068,28.8649187299,-113.782475681,40.6843279762
88105,17.5696799966,4.70029100549,1.0
43300,22.0343301099,36.5231708755,1.0
95984,28.5299579954,-7.36980315042,7.88630956072
42335,-13.80343129,134.022705229,9.28192880435
15401,26.0386884046,108.70764386,1.0
77625,-77.0210532353,-72.7125092648,13.7665315465
2647,52.0141349415,49.4955603762,16.6131236604
69801,65.335289861,-146.609729228,1.0
82467,58.9486328718,130.478166753,1.0
21869,-10.1728101026,-54.0636822086,17.4546076255
70171,-29.941931119,23.0784193455,17.2740813019
7316,46.8566813371,18.694798178,5.97872869366
48586,18.4960056521,10.2343964246,7.74936601569
98402,7.75532811658,29.1998529312,1.0
8157,-81.1867100987,-87.5286062064,18.3242384695
99773,4.54721366856,-57.3208327397,19.7225620067
82024,36.5913157114,96.1252125727,7.63620197809
61739,43.2908923115,-7.71425791724,28.5219012887
54004,-22.7709517435,139.493997427,30.077300217
22368,7.32990479099,-2.5634308225,26.3055412267
80167,40.9528593522,-2.80687805683,30.3764229996
16166,29.4725633794,31.810567336,15.6015514539
97839,25.0830759736,-105.84969727,1.0
89418,-28.4115482516,115.925495487,12.3658524623
9126,47.3702821933,7.83392959526,1.0
90072,29.1728105741,74.5918407698,32.5942804401
64299,-89.5341965929,-122.841812223,1.0
68613,43.1995764986,13.1510070081,1.0
69544,-25.4442501566,148.943261263,11.2000284445
56607,-66.9653835476,87.0487369742,1.0
14026,-74.8681576727,-80.8928043722,1.0
17781,69.9540711746,-53.366524965,6.74629581938
21374,-4.2169728847,-76.1100358558,1.0
12787,43.5312665302,72.4330601057,44.5376087296
30104,67.325242737,-68.2451781994,12.4677153043
81367,-5.19224215044,38.7802986742,50.0
39486,51.4417163619,-57.7812465158,1.0
24576,-11.80974902,-53.662868223,1.0
35162,-72.2804860954,-1.91831455498,9.57652151822
17192,-31.8379632867,147.78098338,1.0
23223,68.7353759813,177.092497204,7.37919011767
17712,-80.8686183743,128.059531803,13.4225157166
4467,22.9938542548,29.6267812743,26.8538771396
76777,-78.9335174143,-158.702345589,6.08183942367
79163,70.7669326037,105.943764793,1.0
21938,20.4189116219,-104.820759453,24.7082431869
59467,72.4736895823,-39.639556215,1.0
74600,-28.9976243294,-65.8748807108,22.2717734183
67345,56.3020412576,84.2587905105,8.19300599788
82863,-81.2400719639,-96.0008511041,29.4068514782
74896,62.6347076004,58.8084639838,1.0
41602,7.40495266554,19.0099273343,2.84505441878
56025,8.3587591447,-12.2909753665,12.3948265285
68075,-81.5616829207,-26.1058826163,31.3553774703
1554,-77.7094610768,153.384889937,1.0
88585,50.7501331622,36.2927868854,1.0
89080,45.0658330889,-87.1734597018,3.15127137527
52801,45.8935586325,-82.5827733613,1.0
54087,39.7797385292,-3.19558866771,42.1282458611
74591,-14.340045803,-70.0356905681,1.0
96902,-78.3039125345,-76.126870626,33.9563659668
96242,23.1595098177,43.4677412773,43.1319359972
22581,52.006262565,75.63732543,1.0
73189,18.8245308487,94.8307057802,24.6401266399
74617,-80.4283591675,-145.633024163,14.2109775516
42204,-77.5915474583,-152.703399988,1.0
98235,29.2702390989,6.07486615473,18.4302989909
91634,55.6925978918,131.350388345,1.0
92667,-26.426417584,26.2915608454,26.499622215
88910,18.0417140861,24.6842233055,3.25573919238
68720,-7.83871248683,-40.462448083,24.5601438879
11339,-77.7280074882,-23.9158131709,9.65064153107
48906,39.288714537,112.168007987,16.1990146782
22781,66.9500461638,69.6621858947,10.0683472954
28784,66.8838392108,99.0242515746,1.0
10888,61.1018373959,-156.935368896,8.38816754517
18938,-7.03776731784,-38.666238003,41.7626858281
44094,-8.13603749879,-72.3229031984,17.9812442133
79820,-8.19824660523,16.5319473436,5.8848333841
13923,-8.20391521586,-78.7397158656,24.1365332663
57453,6.24401986203,125.234221529,14.6550494351
45402,68.7666592384,94.7171218185,1.0
43584,-73.1766041724,94.8423702343,18.9163385443
98125,17.3525497507,-3.76816949036,1.0
97462,-18.105009242,-60.3311691087,1.0
13357,68.491610521,-126.253091656,26.7662153121
18287,5.52788741643,-1.0020391303,1.0
29432,-17.0443330375,-58.5495923678,25.5988826052
21223,47.823269587,71.3748635623,1.0
29384,43.4975632861,45.5402343877,1.0
49725,-18.281396892,36.3074562347,1.0
4451,33.3423739538,-98.8908654041,38.7994119911
80783,4.6671398765,23.4205960769,1.0
88993,-15.4116335823,15.2236286361,1.0
15104,-11.5258894828,-54.0666960231,27.174211052
96124,67.032573607,-109.971855269,1.0
39193,-20.5976857713,120.505362832,1.0
42802,57.8998005919,132.664300692,1.0
5868,-7.71499840882,-48.2217514747,11.10108204
29669,-0.970495957177,11.1537816876,12.8696351908
75568,51.4782587889,6.18385722151,11.3305819199
68009,-17.2346222517,-52.6315545711,13.1216380104
93676,36.3554309842,-89.9597255673,9.71688022052
8680,30.5010992419,37.1176913575,49.4557651716
28077,64.2958660651,93.2602803212,3.83202410351
25935,50.5166054803,17.5656974223,1.0
64948,12.6587914055,16.3598899091,4.55056971674
87026,66.2441841674,-115.848754166,1.0
42350,16.1501811346,29.3744760097,1.0
99178,3.68586418327,-55.1979063491,1.0
33975,-19.3594081316,-59.4262969747,1.0
21899,-14.914655077,40.4123360489,2.70055254848
66286,12.3959675019,107.02423335,11.6063077935
10648,11.5165761134,40.3443642918,42.0829705158
59589,-1.04675749041,112.768352837,15.9106033102
17219,-22.1158896425,19.5708295167,25.0498484967
14509,39.0716417459,-101.116684207,1.0
57767,26.4651583751,-106.494505646,1.0
54385,30.5067274375,93.0780123735,10.4428070249
15897,-38.8955930746,175.153436175,1.0
69208,61.2890715425,-75.2430199597,22.8645978846
72458,12.6057595903,11.3794260504,1.0
87959,-14.946852178,-75.0319594842,15.5779573334
78762,-37.468113202,-71.5935125346,13.0956713638
71260,-31.8887235519,-52.7642998559,1.0
23634,3.1070785359,24.5462290415,1.0
9243,17.0607994543,-92.1342457264,1.0
75744,56.2021162255,90.6725241454,1.0
62790,20.5026227984,-98.7024341525,22.7496698408
56832,36.044086591,-117.269908952,1.0
62113,55.5437089346,117.744049054,17.8166946217
12524,32.5670629146,63.2095683802,10.4199301933
7919,22.3009774337,9.5830167391,10.2448091673
93691,5.93121226466,30.2801265141,1.0
40015,-23.0354727944,124.068750676,1.0
1988,-5.94421183905,-75.7312918545,1.0
82400,26.6189162985,-1.8575479422,1.0
33350,8.28131802276,-2.94890523539,31.0191739862
65444,-87.5866069438,-6.10376854713,1.0
7760,54.2643876837,-129.161004007,1.0
7432,32.8887116754,90.9203813886,1.0
6168,60.1575769695,170.076329337,3.21969880977
36845,59.1317070092,160.249878835,20.6762727651
97332,-31.2126884065,-54.3870959174,13.8251008462
48220,31.3356500919,-3.29516642764,14.7644313223
40754,42.978127008,-108.602089482,1.0
52755,-89.0368896429,27.9623504685,10.7129505437
66373,44.4650398564,2.69567825783,22.8895585637
15680,-85.8192427479,-163.718481363,1.0
88102,-15.8156239807,-55.5293684417,9.53717521973
74236,-10.1467772034,29.8139204061,1.0
95714,52.4490687745,139.668238044,10.9940823244
54587,71.2563805551,-36.221566999,1.0
58764,45.1574407559,41.561261109,34.2986022005
54216,3.04057624296,15.5427469369,1.0
61552,59.6621155396,121.296035846,29.0755396154
36690,59.0235646112,-70.5878012422,16.9681220446
92127,27.759635996,-4.00523788516,1.0
50170,-29.3036034,130.688735225,1.0
56622,-16.7958234273,132.478247163,1.0
4961,37.9634149535,84.9872418523,1.0
52232,18.1408631165,120.665778498,32.7196640613
98792,-74.4056607057,66.1423392304,8.95413312043
61275,2.5638938021,16.5326663243,1.0
84616,-2.8486681238,140.167930018,1.0
91161,25.9073478966,13.0360990096,13.4703671767
73445,-24.7273788776,28.7100888342,13.9159513882
41885,5.89963312879,30.4518365065,12.0963659239
81956,22.8493823183,4.51920364102,1.0
15007,20.662152201,-89.4400011981,21.1645658022
67751,-1.83738451393,34.2302131489,1.0
2526,22.2749571389,92.929372339,1.0
66665,-72.0320788463,-66.1820248067,13.8220470166
93999,8.34852605019,46.4505489519,1.0
54498,46.4212248923,72.4287814415,1.0
4772,38.1075262438,87.9729739492,1.0
69609,-17.05483588,47.1799587984,1.0
63382,-17.0874463556,-58.7480413229,4.99240463465
22842,19.9132658616,53.2557194491,19.1421429519
1482,8.0833931408,45.7722715506,29.8868315543
20067,-83.1587045997,155.866413899,6.50260653483
48909,55.1850567348,85.2085216225,37.0500428126
56683,59.4313974766,75.1513341707,17.8962641368
89224,-3.37945373545,-52.2831363649,21.5623855938
28426,9.59830900164,36.6908400066,11.0249977384
76383,41.7785818719,34.421548275,29.3390384137
8462,33.5589725793,90.0013622779,24.7504448084
42783,36.5982243871,37.9480823818,36.6610426326
17358,48.737164534,4.68899429373,20.4716630716
3838,57.9593840284,119.929814871,22.1955660077
34012,78.1044118159,-61.2784736225,47.4482990763
8856,33.9097825043,72.7284771,21.1988409099
75594,43.8490206328,79.8767014458,37.9891415
56294,-13.9207601701,38.8191733412,50.0
47566,60.9292356359,154.437234879,8.03636517219
32282,14.7680278981,100.362035365,1.0
41196,-3.50101885714,-54.6400826909,38.8746466287
48030,-69.1346862562,89.0022842069,12.9561625727
35756,63.6564044758,51.7390612146,26.0338475823
93210,21.5377125666,46.5657425402,1.0
21422,15.6088312797,50.3591186626,3.06247938741
47394,-18.5856062748,-62.6288921468,1.0
89740,19.2602563117,97.0841634919,2.42285064946
45237,-6.99721322965,-79.7072432186,30.8888062009
43478,66.0103423458,91.8625460838,1.0
5086,-8.92587200106,-45.9554794936,1.0
5814,13.3965721506,27.825581992,9.67091313043
33018,69.7470066689,125.129734631,13.6899801739
58474,6.10619832422,-73.0195536479,1.0
34924,8.24981469632,44.9489551984,14.9242548612
41301,5.66543573272,20.3802590631,1.0
32263,74.7836800891,92.0886770594,11.2121212255
62905,-74.266916694,59.0928792377,1.0
26450,-20.2002550437,-40.3063528499,9.0510282856
41290,42.638281316,121.343427139,1.0
5522,40.3780764662,-113.118238518,1.0
77097,25.1132670226,43.2970051859,11.2641339062
47015,8.12717695727,37.9313617677,1.0
84606,80.2074990827,-21.251580537,9.23303585919
79352,28.8453808917,64.7584808134,13.439024933
13617,-23.8136553351,145.362542105,4.75835513637
45990,-23.1541733201,115.967783864,18.8615105622
18940,-4.25512137886,28.5745139875,1.0
95388,33.7765365062,38.4484481668,1.0
25804,9.205152647,28.3708973792,20.7957244864
332,13.7538297763,-12.2722258435,23.8268692958
25033,75.6252133336,-82.1049695374,25.7308813289
28986,35.1603394661,-96.6343506183,1.0
6352,24.4874832712,84.5372522151,1.0
38973,-14.0618883457,27.4941716187,22.7705560667
93649,37.9375524139,-121.272140122,21.3217701099
59029,-7.99067204173,-68.7713287862,4.70846447402
95253,18.0941578553,52.5101773029,40.2224707048
78477,66.0166403583,129.673705516,31.8296442418
54755,-31.2750582753,118.849412764,1.0
41293,-10.9477081089,30.9287538123,4.19047038608
35075,-17.8945849762,-50.3276158769,50.0
75325,-2.36549349144,119.86610674,29.5876530617
40242,56.7346347364,41.7975842261,1.0
53812,27.2679774858,44.0090573917,1.73706271961
1704,36.3381413448,55.7612867906,24.1413145654
30044,57.1301688577,131.759929526,1.0
72118,50.6157940337,1.97221789371,11.1595891839
64578,67.4093397692,50.5360193316,50.0
72678,-2.47229690201,-62.4531451536,1.0
29181,31.8329855525,46.3167586605,1.0
49658,35.0682026498,-105.051113122,36.3469624355
37792,-19.8793855139,31.1307200226,14.9432776011
84380,24.6442146123,111.204700308,1.0
10945,45.2386601971,101.93512951,8.4323960693
93484,10.3757993891,38.4993151223,17.7074880101
95418,62.8496469553,-105.636117396,7.84695103625
10757,27.0482921375,-12.0823776521,1.0
67462,10.1131571227,38.1121792282,12.3212137329
60431,11.2129639666,103.537242878,1.0
64010,39.2821597898,73.8806527782,1.0
27187,24.1719710968,113.224554307,25.6958910218
80541,19.4183229515,9.76076336744,1.0
80198,25.3042277623,46.157267917,1.06019496295
41478,64.3671073399,-21.5904122591,6.54498403271
32995,-78.6377722586,-89.4872623756,1.0
34222,42.5846324369,105.727265116,17.6633484819
35219,-75.7604542285,108.211257839,1.0
93670,51.4475676678,-71.0192184159,1.0
37198,66.1815436701,-74.0154804883,45.0565826362
91260,8.50987983963,34.6021087594,49.2533190352
21854,38.1189286891,82.2712594468,1.0
64777,18.9268822224,51.8331004075,29.991394554
46403,36.4079524806,82.8406253756,22.1146426582
91069,21.5548722784,16.7150012957,18.8698488393
57882,41.159168498,-110.04851629,14.1111814354
1194,25.3499248109,111.392315287,15.8837344757
10895,37.7143709556,32.4782166681,1.0
45769,29.8423069038,44.3191319904,44.2427658608
14392,62.4060965769,25.4598138744,23.1777588868
84093,36.5265305985,103.9366191,5.41068950436
4452,37.3146177056,-82.8786825893,1.0
94056,36.8912606597,117.52431776,8.40265548341
8527,45.6787708528,92.0197048389,36.8294068068
75705,59.4988292555,33.8165135046,9.11742460732
34364,-0.903381483115,27.4543071481,1.0
85356,-19.9386103115,128.790554843,49.947686847
28280,19.8399903596,-155.939661264,1.0
53258,22.468796172,28.9498505031,14.0342973944
78420,3.55917789982,25.4673933353,29.4052458447
66227,-15.6360360871,125.753555263,1.0
14141,-76.6353285797,123.836768395,1.0
98463,37.2790543645,58.5281741238,10.1274329474
74951,26.2460022602,43.809590038,20.0524810516
93700,63.4878518734,-99.9618607377,1.0
26609,58.6622638528,104.427670138,46.7335234854
72438,50.482325778,99.001336877,7.48079060653
91253,39.6161880947,-1.093422603,15.2514756083
83669,20.1146166472,78.9241068745,20.5311877419
24205,55.0602435692,48.5686009731,48.208277595
68715,19.5859564377,27.5247201146,27.0490703467
25801,27.8403742637,70.0452712861,50.0
29322,41.5688231632,93.9187376874,26.8174771483
81645,62.5090208317,79.6464647453,9.9196449967
67966,36.0852054259,69.971015347,16.9009354901
84567,39.8626951881,44.8920096184,16.6415458564
91185,20.0848666152,15.1288874102,1.0
67514,-77.2956470372,-73.7911030284,1.0
49553,-72.8076401612,100.415666496,13.6953914822
49962,18.7889896414,31.1614399669,1.0
25173,28.6842479759,62.6848559884,1.0
17004,-88.4422903089,132.043289144,24.8295756032
4106,6.65396250336,124.812046009,1.0
44198,-15.2163081012,-71.5836567973,13.4927295023
35376,20.1970097257,106.131493557,1.0
35669,15.8283486409,80.8401893426,12.8485299921
59782,42.969292776,123.668953165,1.0
99228,66.6738522358,-129.778243848,9.02666138439
98642,66.3374090889,-158.946038909,36.2497401976
38233,49.0539189396,81.5526304239,26.6675875562
88650,46.1391819791,119.496902182,2.1812443446
51827,13.4087019324,26.43726093,14.0562901871
23044,61.1021301834,-97.119490946,18.0058339827
15239,8.45441236257,-73.9344853702,1.0
44036,43.9477190142,78.2998725303,18.7990716357
86863,-83.0258521913,-65.0990070654,19.4282429635
29269,18.1076160718,74.2437151028,1.0
90905,23.6215344411,13.3213563839,1.0
45433,8.71871208187,42.1507962909,14.3805821586
73392,44.7960867416,0.831940331759,10.261344933
65348,70.853855109,147.223404436,15.5160007374
10270,15.6951423466,12.0244583486,1.0
22415,20.3209810948,4.44306864893,1.0
30116,-3.18605133453,-54.2102113834,1.0
26956,31.0504210717,37.9732345391,28.9210091818
66799,30.9536812007,-105.02157385,1.0
34708,75.5846865102,-41.6363786731,1.0
84484,43.6704966566,24.8745932151,10.4293041189
31353,56.7204734724,-69.5631239818,23.4087122578
41034,67.3337321682,-157.888008379,1.0
66554,28.4448729186,112.379864997,1.0
92621,48.6208132288,6.87838985155,24.9864919415
54540,-81.4860416049,-92.1688216752,7.20020171275
2220,2.13178000589,-62.8774161756,29.7737537596
36693,40.1673493163,75.2766877352,6.29957576249
75815,80.7491148698,-16.7477225449,2.84953657095
82066,59.0825120452,49.6282574633,1.0
23209,62.4568963823,153.549561345,1.89434482081
2364,44.0900244294,75.4661552641,29.533459874
18640,17.5752679162,29.2915111606,1.0
93647,46.8889156689,17.4969331925,1.0
44954,79.249710299,17.1043061451,23.4993441777
61145,-4.74141969562,37.8288061374,1.0
97084,12.3785476085,3.39035815573,31.0820524083
84893,-79.4865843056,-66.1768177633,2.50667485079
56548,22.8187183884,21.0187945469,13.1115266231
19518,30.8075046937,82.4636759959,1.0
35900,16.2842955899,35.0977904047,24.9445420445
30917,-0.469896772202,29.5662144298,29.0204737703
33706,-85.0841213275,-38.5705001953,3.65716044253
12207,45.7977754001,124.644682892,19.341417764
35041,-28.0844906239,-64.1081460817,1.0
40373,36.6436096225,-103.791684627,10.9146092367
81483,51.1020377538,-94.5759751398,17.9160312881
68779,62.2404760768,13.1323319133,1.0
62443,67.7079893854,-128.043619649,2.29353079042
76242,-4.92688901527,-77.4718326099,41.2985578631
91325,-8.36946552544,-56.1135732211,1.0
47435,29.5933008621,67.7520503814,27.1824737519
66089,-12.1837780175,-73.8344988623,1.0
15847,54.4557517655,-70.3485455976,7.41991271865
31369,33.0980502192,-100.417579747,3.21490170715
72497,9.72311714879,24.1630758451,1.0
38216,44.5816000575,85.596760349,1.0
31252,56.5895168822,-116.453457029,1.0
67340,16.3394808997,34.6095377338,1.0
18614,-11.6089659133,-59.285217475,36.6900925704
64402,-24.9794272969,18.6760024302,36.6835681317
96850,5.6339168612,-70.9014294958,15.6367565135
26093,16.1629525652,-8.16289239214,11.3823647048
72604,39.6855653591,80.3561729621,21.9322998821
3825,16.5578387762,77.8924542807,23.9729970598
75263,31.7129457729,120.821524269,50.0
18636,-32.1719949461,125.364692742,26.0358173062
84574,-8.83669016051,-57.6246567153,6.91041526143
84667,26.7137551959,115.196126109,25.672875901
92004,-29.5431691955,125.417188567,12.3088014816
44650,19.5128272392,9.26581149662,19.4972775731
2960,50.7286939482,78.7763474165,47.3684385371
41760,28.8844149463,39.9284316507,14.4850583235
23306,24.5421816698,7.87328095402,13.106579343
50403,15.1108105631,-89.1144825136,11.9756973336
3874,-87.5136692752,-97.2772106271,48.3588018501
84121,-83.2871404711,149.710190686,1.0
33235,39.1130621336,88.6859112276,45.7387995242
86934,-76.7056933433,159.832673032,1.0
53189,40.1711683641,-107.214364,1.0
28941,30.9887450363,120.657969719,32.325878717
8868,33.9933016839,84.3077812137,1.0
39237,50.45704136,37.8238156948,11.4112154662
43050,24.7500454017,99.842476861,15.2289573206
95194,66.2814112343,-148.823413191,22.6683602298
58162,0.991797461743,30.6572811469,19.3666192906
44971,34.4534666505,72.6943799033,1.0
38396,-0.0938960093474,-76.2381483532,7.76839180009
80315,6.95047974012,9.27737099941,1.0
56673,-5.68153287405,-38.1005027468,31.1068445904
72105,-72.7301771239,-97.5415503812,25.8199445943
79062,7.70513382752,26.3371204964,15.9461957696
73938,28.3526185496,104.157413709,1.0
96838,-23.0471213603,-53.1940100836,1.0
60108,64.4305791424,25.4661068286,8.10048636117
51833,24.8530373736,90.7341286249,1.0
67395,24.4823856156,91.7724174529,8.57202364911
10729,42.762741517,-82.1444607491,39.5194507667
70358,-16.6907254188,128.245061175,10.3206516225
40589,-13.1290707058,-41.4027747572,1.0
51242,31.0450336393,-101.21218261,1.0
30851,2.52563962023,19.8390883168,1.0
12835,31.0293793971,-93.1559257453,1.25691062621
77414,27.831357354,-9.13955806966,17.1526835451
79519,60.7213442797,-160.609315393,21.3485568969
26335,70.1052058273,83.2823458125,10.1858503443
18672,64.5358528753,31.717354431,31.7249122926
95018,3.54593722687,-71.101634723,12.9464691321
50195,32.0669498311,2.50086694694,19.5215747985
11958,26.5576929195,-4.87834271017,1.0
34925,-77.509757467,28.5819563337,15.7332585926
71626,22.4503076489,11.07570778,7.2774587437
62655,54.6918045499,-104.552954216,1.0
31916,45.6229679147,79.90807711,12.398688987
3259,-74.6167069944,-15.8233961018,1.0
89700,75.934878268,101.932903935,13.9611809379
14471,3.42003525487,10.18583853,6.17440074814
88060,-18.2445544251,-58.3195202773,10.0588759973
27777,29.5429337671,77.0075196232,1.0
24544,1.1865869137,-59.4969719814,13.7868523379
4050,-9.84881237367,29.0816860449,50.0
